,0,1,2
0,Hediyeli Kuruyemiş Seti,₺ 730.00₺ 489.90,Malatya Pazarı Palancı
1,Yılbaşı Karışık Kuruyemiş Kavanoz 250 g,₺ 95.00₺ 84.90,Malatya Pazarı Palancı
2,Vip Kuruyemiş Mix 560 g,₺ 500.00,Malatya Pazarı Palancı
3,Tuzlu Siyah Ala Çekirdek 500 g,₺ 110.00,Malatya Pazarı Palancı
4,Pikola Fındık Kavrulmuş Vip 250 G,₺ 235.00,Malatya Pazarı Palancı
5,Yerli Badem Vip 500 g,₺ 415.00,Malatya Pazarı Palancı
6,Yerli Badem Vip 250 g,₺ 210.00,Malatya Pazarı Palancı
7,Pirinç Ceviz 250 g,₺ 150.00,Malatya Pazarı Palancı
8,Tuzlu Siyah Ala Çekirdek 250 g,₺ 55.00,Malatya Pazarı Palancı
9,Çiğ İç Antep Vip 100 g,₺ 180.00,Malatya Pazarı Palancı
10,Pikola Fındık Kavrulmuş VIP 500 G,₺ 465.00,Malatya Pazarı Palancı
11,Brazil Nuts (Brezilya Cevizi) 100 g,₺ 190.00,Malatya Pazarı Palancı
12,Vasabi Soslu Bezelye Vip 100 G,₺ 89.00,Malatya Pazarı Palancı
13,Kavrulmuş İç Antep 100 g,₺ 179.00,Malatya Pazarı Palancı
14,Çam Fıstık Dolmalık 250 g,₺ 585.00,Malatya Pazarı Palancı
15,Çam Fıstık Dolmalık 100 g,₺ 235.00,Malatya Pazarı Palancı
16,VIP Makademiya Silindir Kutu 250 G,₺ 435.00,Malatya Pazarı Palancı
17,VIP Fındık İç Kavrulmuş Silindir Kutu 250 G,₺ 260.00,Malatya Pazarı Palancı
18,Bi Avuç - Çiğ Badem 40 g,₺ 25.00,Malatya Pazarı Palancı
19,Bi Avuç - Çiğ Kaju 40 g,₺ 29.00,Malatya Pazarı Palancı
20,Bi Avuç - Enerji Karışık 40 G,₺ 30.00,Malatya Pazarı Palancı
21,Bi Avuç - Ceviz İçi 40 g,₺ 30.00,Malatya Pazarı Palancı
22,Bi Avuç - Zinde Karışık 40 G,₺ 29.00,Malatya Pazarı Palancı
23,Bi Avuç - Vitamin Karışık 40 Gr,₺ 25.00,Malatya Pazarı Palancı
24,Karışık Kuruyemiş Vip (No:1) 250 g,₺ 199.00,Malatya Pazarı Palancı
25,Kendy Susamlı Fıstık 250 g,₺ 65.00,Malatya Pazarı Palancı
26,Kuruyemiş Karışık Lüks (No:2) 250 g,₺ 150.00,Malatya Pazarı Palancı
27,Kuruyemiş Karışık Lüks (No:2) 500 g,₺ 299.00,Malatya Pazarı Palancı
28,Karnaval Karışık 250 g,₺ 215.00,Malatya Pazarı Palancı
29,Karışık Kuruyemiş Vip (No:1) 500 g,₺ 395.00,Malatya Pazarı Palancı
30,Kendy Susamlı Fıstık 500 g,₺ 125.00,Malatya Pazarı Palancı
31,Vasabi Soslu Bezelye VIP 250 G,₺ 210.00,Malatya Pazarı Palancı
32,Topy Fıstık 250 g,₺ 65.00,Malatya Pazarı Palancı
33,Karnaval Karışık 500 g,₺ 425.00,Malatya Pazarı Palancı
34,Soslu Yer Fıstık 250 g,₺ 65.00,Malatya Pazarı Palancı
35,Tuzlu Yer Fıstık 250 g,₺ 75.00,Malatya Pazarı Palancı
36,Soslu Yer Fıstık 500 g,₺ 125.00,Malatya Pazarı Palancı
37,Cips Fıstık 250 g,₺ 49.00,Malatya Pazarı Palancı
38,Cips Fıstık 500 g,₺ 95.00,Malatya Pazarı Palancı
39,Tuzsuz Yer Fıstık 500 g,₺ 149.00,Malatya Pazarı Palancı
40,Tuzsuz Yer Fıstık 250 g,₺ 75.00,Malatya Pazarı Palancı
41,Cin Mısır 500 g,₺ 45.00,Malatya Pazarı Palancı
42,Tuzlu Yer Fıstık 500 g,₺ 149.00,Malatya Pazarı Palancı
43,Mısır Kavurga 500 g,₺ 110.00,Malatya Pazarı Palancı
44,Çifte Kavrulmuş Kabak Çekirdek 250 g,₺ 130.00,Malatya Pazarı Palancı
45,Tuzsuz İri Kabak Çekirdek 250 g,₺ 125.00,Malatya Pazarı Palancı
46,Kabuklu Yer Fıstık 500 g,₺ 120.00,Malatya Pazarı Palancı
47,Soslu Mısır 500 g,₺ 90.00,Malatya Pazarı Palancı
48,Çifte Kavrulmuş Kabak Çekirdek 500 g,₺ 255.00,Malatya Pazarı Palancı
49,Vip İç Kabak Çekirdek 500 g,₺ 250.00,Malatya Pazarı Palancı
50,Vip İç Kabak Çekirdek 250 g,₺ 125.00,Malatya Pazarı Palancı
51,Tuzlu İri Kabak Çekirdek 500 g,₺ 250.00,Malatya Pazarı Palancı
52,Kahveli Leblebi 250 g,₺ 55.00,Malatya Pazarı Palancı
53,Leblebi Şekeri 250 g,₺ 50.00,Malatya Pazarı Palancı
54,Çıtır Leblebi 250 g,₺ 45.00,Malatya Pazarı Palancı
55,Çıtır Leblebi 500 g,₺ 85.00,Malatya Pazarı Palancı
56,Leblebi Şekeri 500 g,₺ 100.00,Malatya Pazarı Palancı
57,Tuzlu İri Kabak Çekirdek 250 g,₺ 125.00,Malatya Pazarı Palancı
58,Kahveli Leblebi 500 g,₺ 110.00,Malatya Pazarı Palancı
59,Kıtır Leblebi 250 g,₺ 49.00,Malatya Pazarı Palancı
60,Tuzsuz İri Kabak Çekirdek 500 g,₺ 250.00,Malatya Pazarı Palancı
61,Beyaz Leblebi 250 g,₺ 59.00,Malatya Pazarı Palancı
62,Kıtır Leblebi 500 g,₺ 95.00,Malatya Pazarı Palancı
63,Pirinç Fındık 100 G,₺ 75.00,Malatya Pazarı Palancı
64,File Fındık 250 G,₺ 179.00,Malatya Pazarı Palancı
65,Sarı Leblebi 500 g,₺ 110.00,Malatya Pazarı Palancı
66,Sarı Leblebi 250 g,₺ 55.00,Malatya Pazarı Palancı
67,Pirinç Fındık 250 G,₺ 179.00,Malatya Pazarı Palancı
68,File Fındık 100 G,₺ 75.00,Malatya Pazarı Palancı
69,Beyaz Leblebi 500 g,₺ 115.00,Malatya Pazarı Palancı
70,Çifte Kavrulmuş Fındık 250 G,₺ 190.00,Malatya Pazarı Palancı
71,Toz Fındık 250 G,₺ 165.00,Malatya Pazarı Palancı
72,Fındık İç Kavrulmuş VIP 500 G,₺ 399.00,Malatya Pazarı Palancı
73,Kavrulmuş Fındık İçi 500 G,₺ 365.00,Malatya Pazarı Palancı
74,Fındık İç Kavrulmuş VIP 250 G,₺ 200.00,Malatya Pazarı Palancı
75,Çiğ Fındık 500 G,₺ 355.00,Malatya Pazarı Palancı
76,Çifte Kavrulmuş Fındık 500 G,₺ 375.00,Malatya Pazarı Palancı
77,Kavrulmuş Kaju 250 g,₺ 159.00,Malatya Pazarı Palancı
78,Toz Fındık 100 G,₺ 70.00,Malatya Pazarı Palancı
79,Çifte Kavrulmuş Fındık Vip 500 G,₺ 410.00,Malatya Pazarı Palancı
80,Çiğ Fındık 250 G,₺ 179.00,Malatya Pazarı Palancı
81,Kavrulmuş Fındık İçi 250 G,₺ 185.00,Malatya Pazarı Palancı
82,Kavrulmuş Kaju 500 g,₺ 315.00,Malatya Pazarı Palancı
83,Pekan Cevizi Vip 100 g,₺ 179.00,Malatya Pazarı Palancı
84,Çiğ Kaju 500 g,₺ 310.00,Malatya Pazarı Palancı
85,Makademya Cevizi VIP 100 G,₺ 155.00,Malatya Pazarı Palancı
86,Çiğ Kaju 250 g,₺ 155.00,Malatya Pazarı Palancı
87,Pekan Cevizi Vip 250 g,₺ 435.00,Malatya Pazarı Palancı
88,Brazil Nuts (Brezilya Cevizi) 250 g,₺ 460.00,Malatya Pazarı Palancı
89,Ceviz İçi Ekstra 500 g,₺ 285.00,Malatya Pazarı Palancı
90,Ceviz İçi Ekstra 250 g,₺ 165.00,Malatya Pazarı Palancı
91,Kabuklu Ceviz 500 g,₺ 110.00,Malatya Pazarı Palancı
92,Kabuklu Ceviz Vip 250 g,₺ 85.00,Malatya Pazarı Palancı
93,Makademya Cevizi VIP 250 G,₺ 375.00,Malatya Pazarı Palancı
94,Pirinç Badem 100 g,₺ 80.00,Malatya Pazarı Palancı
95,Kavrulmuş Badem 250 g,₺ 155.00,Malatya Pazarı Palancı
96,File Badem 100 g,₺ 80.00,Malatya Pazarı Palancı
97,Pirinç Badem 250 g,₺ 190.00,Malatya Pazarı Palancı
98,Toz Badem 250 g,₺ 179.00,Malatya Pazarı Palancı
99,File Badem 250 g,₺ 190.00,Malatya Pazarı Palancı
100,Kavrulmuş Badem 500 g,₺ 310.00,Malatya Pazarı Palancı
101,Toz Badem 100 g,₺ 75.00,Malatya Pazarı Palancı
102,Çiğ Badem 250 g,₺ 155.00,Malatya Pazarı Palancı
103,Siirt Fıstık Vip 500 g,₺ 510.00,Malatya Pazarı Palancı
104,Çiğ Badem 500 g,₺ 300.00,Malatya Pazarı Palancı
105,Siirt Fıstık 500 g,₺ 450.00,Malatya Pazarı Palancı
106,Siirt Fıstık 250 g,₺ 225.00,Malatya Pazarı Palancı
107,Pirinç Antep Fıstık 250 g,₺ 475.00,Malatya Pazarı Palancı
108,Soyulmuş İç Antep Fıstık 250 g,₺ 645.00,Malatya Pazarı Palancı
109,Toz Boz Antep Fıstık 100 g,₺ 195.00,Malatya Pazarı Palancı
110,Toz Boz Antep Fıstık 250 g,₺ 475.00,Malatya Pazarı Palancı
111,File Antep Fıstık 250 g,₺ 475.00,Malatya Pazarı Palancı
112,File Antep Fıstık 100 g,₺ 195.00,Malatya Pazarı Palancı
113,Pirinç Antep Fıstık 100 g,₺ 195.00,Malatya Pazarı Palancı
114,Soyulmuş İç Antep Fıstık 100 g,₺ 260.00,Malatya Pazarı Palancı
115,Kavrulmuş İç Antep 250 g,₺ 435.00,Malatya Pazarı Palancı
116,Antep Fıstık 250 g,₺ 269.00,Malatya Pazarı Palancı
117,Antep Fıstık 500 g,₺ 535.00,Malatya Pazarı Palancı
118,Yerli Meyve Mix 280 g,₺ 525.00,Malatya Pazarı Palancı
119,Karışık Kurumeyve 420 g,₺ 250.00,Malatya Pazarı Palancı
120,Karışık Hurma Dolması 320 G,₺ 255.00,Malatya Pazarı Palancı
121,Sukkari Hurma Tabak 500 G,₺ 160.00,Malatya Pazarı Palancı
122,Yerli Çilek Kurusu 100 G,₺ 140.00,Malatya Pazarı Palancı
123,Yerli Ananas Kurutulmuş 100 g,₺ 235.00,Malatya Pazarı Palancı
124,Yerli İncir Kurusu 100 g,₺ 90.00,Malatya Pazarı Palancı
125,Yerli Portakal Kurusu 100 g,₺ 65.00,Malatya Pazarı Palancı
126,Yerli Şeftali Kurusu 100 g,₺ 95.00,Malatya Pazarı Palancı
127,Yerli Mandalina Kurusu 100 g,₺ 65.00,Malatya Pazarı Palancı
128,Yerli Limon Kurusu 100 g,₺ 65.00,Malatya Pazarı Palancı
129,İncir Dolgulu 250 g,₺ 185.00,Malatya Pazarı Palancı
130,Hurma Dolması Cevizli 500 G,₺ 350.00,Malatya Pazarı Palancı
131,Hurma Dolması Cevizli 250 G,₺ 175.00,Malatya Pazarı Palancı
132,İncir Dolgulu 500 g,₺ 370.00,Malatya Pazarı Palancı
133,Kuru Kayısı 220 Gr,₺ 115.00,Malatya Pazarı Palancı
134,Naturel Kayısı 220 Gr,₺ 170.00,Malatya Pazarı Palancı
135,Kuru Kayısı Yaprak 170 Gr,₺ 85.00,Malatya Pazarı Palancı
136,Naturel Kayısı Yaprak 170 Gr,₺ 90.00,Malatya Pazarı Palancı
137,Medjoul Gold Hurma 500 G,₺ 359.00,Malatya Pazarı Palancı
138,Tunus Hurma (Deglet Nur) 250 G,₺ 25.00,Malatya Pazarı Palancı
139,Tunus Hurma (Deglet Nur) 500 G,₺ 50.00,Malatya Pazarı Palancı
140,Rabbi Hurma 500 G,₺ 49.00,Malatya Pazarı Palancı
141,Medjoul Süper Jumbo Hurma Vip 250 G,₺ 210.00,Malatya Pazarı Palancı
142,Medjoul Large Hurma 250 G,₺ 165.00,Malatya Pazarı Palancı
143,Trabzon Hurması Vip 500 G,₺ 240.00,Malatya Pazarı Palancı
144,Medjoul Süper Jumbo Hurma Vip 500 G,₺ 410.00,Malatya Pazarı Palancı
145,Medjoul Gold Hurma 250 G,₺ 180.00,Malatya Pazarı Palancı
146,Rabbi Hurma 250 G,₺ 25.00,Malatya Pazarı Palancı
147,Medine Hurma 250 G,₺ 185.00,Malatya Pazarı Palancı
148,Acve Hurma 500 G,₺ 385.00,Malatya Pazarı Palancı
149,Medjoul Small Hurma 250 G,₺ 150.00,Malatya Pazarı Palancı
150,Medjoul Small Hurma 500 G,₺ 295.00,Malatya Pazarı Palancı
151,Medine Hurma 500 G,₺ 365.00,Malatya Pazarı Palancı
152,Medjoul Large Hurma 500 G,₺ 325.00,Malatya Pazarı Palancı
153,Sebze Kurusu 250 g,₺ 110.00,Malatya Pazarı Palancı
154,Medine Hurma Mabroom Vip 500 G,₺ 420.00,Malatya Pazarı Palancı
155,Acve Hurma 250 G,₺ 195.00,Malatya Pazarı Palancı
156,Medine Hurma Mabroom Vip 250 G,₺ 210.00,Malatya Pazarı Palancı
157,Besni Üzüm 250 g,₺ 135.00,Malatya Pazarı Palancı
158,Kuş Üzümü 250 g,₺ 55.00,Malatya Pazarı Palancı
159,Kuş Üzümü 500 g,₺ 110.00,Malatya Pazarı Palancı
160,Keçiboynuzu 250 g,₺ 60.00,Malatya Pazarı Palancı
161,Çekirdekli Siyah Üzüm 250 g,₺ 125.00,Malatya Pazarı Palancı
162,Dallı Siyah Üzüm 250 g,₺ 125.00,Malatya Pazarı Palancı
163,Çekirdeksiz Siyah Üzüm Vip 250 g,₺ 210.00,Malatya Pazarı Palancı
164,Besni Üzüm 500 g,₺ 269.00,Malatya Pazarı Palancı
165,Çekirdeksiz Siyah Üzüm Vip 500 g,₺ 410.00,Malatya Pazarı Palancı
166,Çekirdekli Siyah Üzüm 500 g,₺ 250.00,Malatya Pazarı Palancı
167,Dallı Siyah Üzüm 500 g,₺ 250.00,Malatya Pazarı Palancı
168,Besni Üzüm Vip 250 G,₺ 145.00,Malatya Pazarı Palancı
169,Sütlü Çikolata Kaplı Kayısı 500 g,₺ 355.00,Malatya Pazarı Palancı
170,Kuru Üzüm 500 G,₺ 120.00,Malatya Pazarı Palancı
171,Kuru Üzüm VIP 500 G,₺ 160.00,Malatya Pazarı Palancı
172,Sütlü Çikolata Kaplı Kayısı 250 g,₺ 179.00,Malatya Pazarı Palancı
173,Kuru Üzüm VIP 250 G,₺ 80.00,Malatya Pazarı Palancı
174,Kuru Üzüm 250 G,₺ 60.00,Malatya Pazarı Palancı
175,Kayısı Kuru 500 g,₺ 260.00,Malatya Pazarı Palancı
176,Naturel Kayısı Kuru 250 g,₺ 195.00,Malatya Pazarı Palancı
177,Kayısı Kuru Jumbo 500 g,₺ 269.00,Malatya Pazarı Palancı
178,Kayısı Kuru Jumbo 250 g,₺ 135.00,Malatya Pazarı Palancı
179,Kayısı Kuru 250 g,₺ 135.00,Malatya Pazarı Palancı
180,Naturel Kayısı Kuru 500 g,₺ 385.00,Malatya Pazarı Palancı
181,İncir Kuru Protoben 250 g,₺ 190.00,Malatya Pazarı Palancı
182,İncir Kuru Protoben Vip 250 g,₺ 210.00,Malatya Pazarı Palancı
183,İğde Kuru VIP 250 G,₺ 75.00,Malatya Pazarı Palancı
184,Kuru İncir 250 g,₺ 165.00,Malatya Pazarı Palancı
185,Kuru İncir 500 g,₺ 325.00,Malatya Pazarı Palancı
186,İğde Kuru VIP 500 G,₺ 145.00,Malatya Pazarı Palancı
187,İncir Kuru Protoben Vip 500 g,₺ 420.00,Malatya Pazarı Palancı
188,Sarı Erik Kuru Vip 250 g,₺ 99.00,Malatya Pazarı Palancı
189,Sarı Erik Kuru Vip 500 g,₺ 195.00,Malatya Pazarı Palancı
190,Kurutulmuş Çekirdeksiz Erik 250 g,₺ 75.00,Malatya Pazarı Palancı
191,Siyah Erik Kuru 500 g,₺ 195.00,Malatya Pazarı Palancı
192,Karadut Kurusu 250 g,₺ 125.00,Malatya Pazarı Palancı
193,Kurutulmuş Çekirdeksiz Erik 500 g,₺ 145.00,Malatya Pazarı Palancı
194,Siyah Erik Kuru 250 g,₺ 99.00,Malatya Pazarı Palancı
195,Dut Kurusu Elazığ Vip 250 g,₺ 139.00,Malatya Pazarı Palancı
196,Karadut Kurusu 500 g,₺ 250.00,Malatya Pazarı Palancı
197,Dut Kurusu Elazığ Vip 500 g,₺ 275.00,Malatya Pazarı Palancı
198,Dut Kurusu VIP Malatya 250 G,₺ 110.00,Malatya Pazarı Palancı
199,Dut Kurusu VIP Malatya 500 G,₺ 210.00,Malatya Pazarı Palancı
200,Dut Kurusu 500 g,₺ 165.00,Malatya Pazarı Palancı
201,Kurutulmuş Karışık Meyve (T.Frutti) 250 g,₺ 55.00,Malatya Pazarı Palancı
202,Dut Kurusu 250 g,₺ 85.00,Malatya Pazarı Palancı
203,Şeftali Kurusu Yaprak 250 g,₺ 125.00,Malatya Pazarı Palancı
204,Yerli Ekşi Elma Kurusu 500 g,₺ 195.00,Malatya Pazarı Palancı
205,Yaprak Erik Kurusu 500 g,₺ 250.00,Malatya Pazarı Palancı
206,Yaprak Erik Kurusu 250 g,₺ 125.00,Malatya Pazarı Palancı
207,Yerli Ekşi Elma Kurusu 250 g,₺ 99.00,Malatya Pazarı Palancı
208,Şeftali Kurusu Yaprak 500 g,₺ 250.00,Malatya Pazarı Palancı
209,Kurutulmuş Karışık Meyve (T.Frutti) 500 g,₺ 110.00,Malatya Pazarı Palancı
210,Gojiberry Kurusu 500 g,₺ 269.00,Malatya Pazarı Palancı
211,Gojiberry Kurusu 250 g,₺ 135.00,Malatya Pazarı Palancı
212,Şekerli Böğürtlen Kurusu 250 g,₺ 39.75,Malatya Pazarı Palancı
213,Çay Üzümü (Blueberries ) 250 g,₺ 220.00,Malatya Pazarı Palancı
214,Vişne Kurusu 500 g,₺ 95.00,Malatya Pazarı Palancı
215,Şekerli Böğürtlen Kurusu 500 g,₺ 79.49,Malatya Pazarı Palancı
216,Çay Üzümü (Blueberries ) 500 g,₺ 439.00,Malatya Pazarı Palancı
217,Vişne Kurusu 250 g,₺ 50.00,Malatya Pazarı Palancı
218,Şekerli Kiraz Kurusu 250 g,₺ 100.00,Malatya Pazarı Palancı
219,Şekerli Cranberry Bütün 500 g,₺ 210.00,Malatya Pazarı Palancı
220,Altın Çilek (Kur.Physalis) 250 G,₺ 195.00,Malatya Pazarı Palancı
221,Şekerli Cranberry Bütün 250 g,₺ 110.00,Malatya Pazarı Palancı
222,Altın Çilek (Kur.Physalis) 500 g,₺ 385.00,Malatya Pazarı Palancı
223,Şekerli Cranberry Dilim 500 g,₺ 189.00,Malatya Pazarı Palancı
224,Şekerli Cranberry Dilim 250 g,₺ 95.00,Malatya Pazarı Palancı
225,Şekerli Kiraz Kurusu 500 g,₺ 200.00,Malatya Pazarı Palancı
226,Şekerli Hindistan Cevizi Kurusu 500 g,₺ 235.00,Malatya Pazarı Palancı
227,Şekerli Kumkuat Kurusu 500 g,₺ 149.00,Malatya Pazarı Palancı
228,Şekerli Kumkuat Kurusu 250 g,₺ 75.00,Malatya Pazarı Palancı
229,Şekerli Muz Kurusu 250 g,₺ 115.00,Malatya Pazarı Palancı
230,Şekerli Greyfurt Kurusu 500 g,₺ 145.00,Malatya Pazarı Palancı
231,Şekerli Greyfurt Kurusu 250 g,₺ 75.00,Malatya Pazarı Palancı
232,Şekerli Hindistan Cevizi Kurusu 250 g,₺ 119.00,Malatya Pazarı Palancı
233,Şekerli Kavun Kurusu 250 g,₺ 95.00,Malatya Pazarı Palancı
234,Şekerli Kavun Kurusu 500 g,₺ 180.00,Malatya Pazarı Palancı
235,Şekerli Muz Kurusu 500 g,₺ 220.00,Malatya Pazarı Palancı
236,Şekerli Kivi Kurusu 250 g,₺ 85.00,Malatya Pazarı Palancı
237,Şekerli Mango Kurusu 250 g,₺ 95.00,Malatya Pazarı Palancı
238,Şekerli Ananas Kurusu 250 g,₺ 95.00,Malatya Pazarı Palancı
239,Şekerli Zencefil Kurusu 500 g,₺ 189.00,Malatya Pazarı Palancı
240,Şekerli Zencefil Kurusu 250 g,₺ 95.00,Malatya Pazarı Palancı
241,Şekerli Papaya Kurusu 500 g,₺ 165.00,Malatya Pazarı Palancı
242,Şekerli Elma Kurusu 500 g,₺ 200.00,Malatya Pazarı Palancı
243,Şekerli Kivi Kurusu 500 g,₺ 165.00,Malatya Pazarı Palancı
244,Şekerli Çilek Kurusu 250 G,₺ 175.00,Malatya Pazarı Palancı
245,Şekerli Elma Kurusu 250 g,₺ 100.00,Malatya Pazarı Palancı
246,Şekerli Çilek Kurusu 500 G,₺ 340.00,Malatya Pazarı Palancı
247,Şekerli Papaya Kurusu 250 g,₺ 85.00,Malatya Pazarı Palancı
248,Şekerli Mango Kurusu 500 g,₺ 180.00,Malatya Pazarı Palancı
249,Yerli Mandalina Kurusu 250 g,₺ 145.00,Malatya Pazarı Palancı
250,Yerli Trabzon Hurması 500 G,₺ 399.00,Malatya Pazarı Palancı
251,Yerli Limon Kurusu 250 g,₺ 150.00,Malatya Pazarı Palancı
252,Yerli Erik Kurusu,₺ 639.00,Malatya Pazarı Palancı
253,Yerli Şeftali Kurusu 250 g,₺ 225.00,Malatya Pazarı Palancı
254,Şekerli Ananas Kurusu 500 g,₺ 180.00,Malatya Pazarı Palancı
255,Yerli Portakal Kurusu 250 g,₺ 145.00,Malatya Pazarı Palancı
256,Yerli İncir Kurusu 250 g,₺ 210.00,Malatya Pazarı Palancı
257,Yerli Trabzon Hurması 250 G,₺ 200.00,Malatya Pazarı Palancı
258,Yerli Ayva Kurusu 250 g,₺ 35.07,Malatya Pazarı Palancı
259,Yerli Çilek Kurusu 250 G,₺ 335.00,Malatya Pazarı Palancı
260,Yerli Kivi Cipsi 250 g,₺ 235.00,Malatya Pazarı Palancı
261,Yerli Armut Kurutulmuş 250 g,₺ 155.00,Malatya Pazarı Palancı
262,Yerli Ayva Kurusu 500 g,₺ 70.14,Malatya Pazarı Palancı
263,Yerli Muz Kurusu 250 g,₺ 210.00,Malatya Pazarı Palancı
264,Yerli Elma Kurutulmuş 250 g,₺ 179.00,Malatya Pazarı Palancı
265,Yerli Armut Kurutulmuş 500 g,₺ 310.00,Malatya Pazarı Palancı
266,Yerli Ananas Kurutulmuş 250 g,₺ 575.00,Malatya Pazarı Palancı
267,Kadayıf Kaplı Bisküvi Kremalı Bohça Lokum 250 g,₺ 75.00,Malatya Pazarı Palancı
268,Hin. Cevizli Bisküvi Kremalı Bohça Lokum 250 g,₺ 75.00,Malatya Pazarı Palancı
269,Kadayıf Kaplı Bisküvi Kremalı Bohça Lokum 500 g,₺ 130.00,Malatya Pazarı Palancı
270,Hin. Cevizli Bisküvi Kremalı Bohça Lokum 500 g,₺ 130.00,Malatya Pazarı Palancı
271,Kayısılı Nugat Helva (Tropik Meyveli) 250 g,₺ 320.00,Malatya Pazarı Palancı
272,Kayısılı Nugat Helva (Fındıklı) 250 g,₺ 220.00,Malatya Pazarı Palancı
273,Kayısılı Nugat Helva (Pirinç Antep Fıstıklı) 250 g,₺ 365.00,Malatya Pazarı Palancı
274,Kayısılı Nugat Helva (Zereç Üzümlü) 250 g,₺ 320.00,Malatya Pazarı Palancı
275,Kayısılı Nugat Helva 250 g,₺ 320.00,Malatya Pazarı Palancı
276,Kayısılı Nugat Helva (Gül Yapraklı) 250 g,₺ 320.00,Malatya Pazarı Palancı
277,Ottoman Karışık Duble Lokum 230 G,₺ 115.00,Malatya Pazarı Palancı
278,Ottoman Karışık Duble Lokum 370 G,₺ 165.00,Malatya Pazarı Palancı
279,Ottoman Karışık Duble Lokum 680 G,₺ 275.00,Malatya Pazarı Palancı
280,Çikolatalı Sultan Lokum 250 g,₺ 50.00,Malatya Pazarı Palancı
281,Böğürtlenli Fındıklı Sarma Lokum 500 g,₺ 145.00,Malatya Pazarı Palancı
282,Lokum Sultan Kaskaslı 250 g,₺ 50.00,Malatya Pazarı Palancı
283,Cevizli Sarma Rulo Lokum 250 g,₺ 70.00,Malatya Pazarı Palancı
284,Böğürtlenli Fındıklı Sarma Lokum 250 g,₺ 75.00,Malatya Pazarı Palancı
285,Lokum Sultan Kaskaslı 500 g,₺ 95.00,Malatya Pazarı Palancı
286,Çikolatalı Sultan Lokum 500 g,₺ 90.00,Malatya Pazarı Palancı
287,Sultan İçi Dışı Ant.Fıstıklı Lokum 500 g,₺ 260.00,Malatya Pazarı Palancı
288,Gül Yapraklı Narlı Fitil Lokum 500 g,₺ 230.00,Malatya Pazarı Palancı
289,Zereçli Narlı Fitil Lokum 250 g,₺ 110.00,Malatya Pazarı Palancı
290,Fıstıklı Sultan Lokum 250 g,₺ 95.00,Malatya Pazarı Palancı
291,Safranlı Narlı Fitil Lokum 250 g,₺ 110.00,Malatya Pazarı Palancı
292,Zereçli Narlı Fitil Lokum 500 g,₺ 210.00,Malatya Pazarı Palancı
293,Fıstıklı Sultan Lokum 500 g,₺ 180.00,Malatya Pazarı Palancı
294,Cevizli Sarma Rulo Lokum 500 g,₺ 135.00,Malatya Pazarı Palancı
295,Safranlı Narlı Fitil Lokum 500 g,₺ 210.00,Malatya Pazarı Palancı
296,Gül Yapraklı Narlı Fitil Lokum 250 g,₺ 120.00,Malatya Pazarı Palancı
297,File Fıstıklı Bal Aromalı Fitil Lokum 500 g,₺ 310.00,Malatya Pazarı Palancı
298,Sultan İçi Dışı Ant.Fıstıklı Lokum 250 g,₺ 135.00,Malatya Pazarı Palancı
299,File Fıstıklı Bal Aromalı Fitil Lokum 250 g,₺ 155.00,Malatya Pazarı Palancı
300,Kadayıflı Bal Aromalı Fitil Lokum 250 g,₺ 110.00,Malatya Pazarı Palancı
301,Narlı Fitil Lokum 250 g,₺ 99.00,Malatya Pazarı Palancı
302,Ballı Fitil Lokum 500 g,₺ 185.00,Malatya Pazarı Palancı
303,Narlı Fitil Lokum 500 g,₺ 185.00,Malatya Pazarı Palancı
304,File Fıstıklı Nar Aromalı Fitil Lokum 500 g,₺ 310.00,Malatya Pazarı Palancı
305,Kadayıflı Bal Aromalı Fitil Lokum 500 g,₺ 210.00,Malatya Pazarı Palancı
306,Narlı Toz Fıstıklı Fitil Lokum 500 g,₺ 310.00,Malatya Pazarı Palancı
307,Ballı Fitil Lokum 250 g,₺ 99.00,Malatya Pazarı Palancı
308,Kadayıflı Nar Aromalı Fitil Lokum 500 g,₺ 210.00,Malatya Pazarı Palancı
309,Karışık Sarma Lokum 400 G,₺ 140.00,Malatya Pazarı Palancı
310,Narlı Toz Fıstıklı Fitil Lokum 250 g,₺ 155.00,Malatya Pazarı Palancı
311,Kadayıflı Nar Aromalı Fitil Lokum 250 g,₺ 110.00,Malatya Pazarı Palancı
312,Meyvedar Meyveli Kuş Lokum 400 Gr (Soft),₺ 50.00,Malatya Pazarı Palancı
313,File Fıstıklı Nar Aromalı Fitil Lokum 250 g,₺ 155.00,Malatya Pazarı Palancı
314,Damla Sakızlı Lokum 500 g,₺ 80.00,Malatya Pazarı Palancı
315,Sade Lokum 500 g,₺ 75.00,Malatya Pazarı Palancı
316,Karışık Fitil Lokum 400 G,₺ 195.00,Malatya Pazarı Palancı
317,Güllü Lokum 250 g,₺ 40.00,Malatya Pazarı Palancı
318,Sade Lokum 250 g,₺ 40.00,Malatya Pazarı Palancı
319,Karışık Paşa Lokum 400 G,₺ 170.00,Malatya Pazarı Palancı
320,Meyveli Kuş Lokumu 500 g,₺ 75.00,Malatya Pazarı Palancı
321,Meyveli Kuş Lokumu 250 g,₺ 40.00,Malatya Pazarı Palancı
322,Meyvedar Nar Aromalı Lokum 400 Gr (Soft),₺ 50.00,Malatya Pazarı Palancı
323,Güllü Lokum 500 g,₺ 75.00,Malatya Pazarı Palancı
324,Fındıklı Lokum 250 g,₺ 69.00,Malatya Pazarı Palancı
325,Fındıklı Lokum 500 g,₺ 129.00,Malatya Pazarı Palancı
326,Damla Sakızlı Lokum 250 g,₺ 45.00,Malatya Pazarı Palancı
327,Meyvedar Güllü Lokum 400 Gr (Soft),₺ 50.00,Malatya Pazarı Palancı
328,Duble Lokum 400 G,₺ 225.00,Malatya Pazarı Palancı
329,Çifte Kavrulmuş Duble Lokum 500 g,₺ 150.00,Malatya Pazarı Palancı
330,Çifte Kavrulmuş Duble Lokum 250 g,₺ 110.00,Malatya Pazarı Palancı
331,Meyvedar Fıstıklı Duble Lokum 400 Gr (Soft),₺ 150.00,Malatya Pazarı Palancı
332,Çikolatalı Duble Lokum 500 g,₺ 325.00,Malatya Pazarı Palancı
333,Narlı Parmak Lokum 500 g,₺ 215.00,Malatya Pazarı Palancı
334,Ballı Parmak Lokum 500 g,₺ 215.00,Malatya Pazarı Palancı
335,Yılbaşı Karışık Sarma Lokum 820 g,₺ 290.00,Malatya Pazarı Palancı
336,Yılbaşı Çikolata Kaplamalı Ürünler 550 g,₺ 490.00,Malatya Pazarı Palancı
337,Yılbaşı Karışık Fitil Lokum 940 g,₺ 495.00,Malatya Pazarı Palancı
338,TURUNCU KUTU SPECİAL 1250 G,₺ 620.00,Malatya Pazarı Palancı
339,Turuncu Kutu Karışık Lokum 1400 G,₺ 860.00,Malatya Pazarı Palancı
340,Üç Çekmeceli Karışık Lokum-Kuruyemiş-Special Kutu 2650 g (MOR),"₺ 2,250.00",Malatya Pazarı Palancı
341,Üç Çekmeceli Karışık Lokum-Kuruyemiş-Special Kutu 2650 g (BORDO),"₺ 2,250.00",Malatya Pazarı Palancı
342,Üç Çekmeceli Karışık Lokum-Kuruyemiş-Special Kutu 2650 g (GRİ),"₺ 2,250.00",Malatya Pazarı Palancı
343,Metal Kutu Karışık Hurma Dolması 780 g,₺ 610.00,Malatya Pazarı Palancı
344,Metal Kutu Karışık Hurma 560 g,₺ 545.00,Malatya Pazarı Palancı
345,Teneke Karışık Parmak Lokum 605 g,₺ 385.00,Malatya Pazarı Palancı
346,Teneke Çikolata Kaplamalı Ürünler 570 g,₺ 545.00,Malatya Pazarı Palancı
347,Teneke Karışık Duble Lokum 645 g,₺ 370.00,Malatya Pazarı Palancı
348,Çikolata Kaplamalı Ürünler 550 g,₺ 490.00,Malatya Pazarı Palancı
349,Special 800 g,₺ 670.00,Malatya Pazarı Palancı
350,Karışık Duble Lokum 680 g,₺ 335.00,Malatya Pazarı Palancı
351,Karışık Fitil Lokum 940 g,₺ 495.00,Malatya Pazarı Palancı
352,Premıum Siyah Kutu Kurumeyve Seti - 2,"₺ 1,100.00",Malatya Pazarı Palancı
353,Lazer Kesim Kahverengi Ahşap Kutu Karışık Lokum 470 g,₺ 545.00,Malatya Pazarı Palancı
354,Premıum Siyah Kutu Kurumeyve Seti - 1,"₺ 1,545.00",Malatya Pazarı Palancı
355,Karışık Sarma Lokum 820 g,₺ 290.00,Malatya Pazarı Palancı
356,Beş Gözlü Vip Kuruyemiş Kutu 800 g,₺ 660.00,Malatya Pazarı Palancı
357,Beş Gözlü Lüks Kuruyemiş Kutu 800 g,₺ 440.00,Malatya Pazarı Palancı
358,Altı Gözlü Kuruyemiş Kutu 450 g,₺ 210.00,Malatya Pazarı Palancı
359,Siyah Asetat Kapaklı Kutu Kurumeyve Mix 800 g,₺ 720.00,Malatya Pazarı Palancı
360,Altı Gözlü Lüks Kuruyemiş Kutu 450 g,₺ 265.00,Malatya Pazarı Palancı
361,Beş Gözlü Kuruyemiş Kutu740 g,₺ 335.00,Malatya Pazarı Palancı
362,Altı Gözlü Vip Kuruyemiş Kutu 470 g,₺ 400.00,Malatya Pazarı Palancı
363,Üç Çekmeceli Karışık Kurumeyve - Ramazanlık,"₺ 2,200.00",Malatya Pazarı Palancı
364,Beş Gözlü Çikolata Mix 960 g,₺ 915.00,Malatya Pazarı Palancı
365,Vip Kış Seti,₺ 310.00,Malatya Pazarı Palancı
366,Premium Ahşap Kış Seti,₺ 540.00,Malatya Pazarı Palancı
367,Bordo Dört Basamaklı Lüks Kuruyemiş Kutusu 710 g,"₺ 1,195.00",Malatya Pazarı Palancı
368,Vip Pekan Ceviz İçi Silindir Kutu 200 g,₺ 410.00,Malatya Pazarı Palancı
369,Vip Kabuklu Antep Fıstığı Silindir Kutu 250 g,₺ 340.00,Malatya Pazarı Palancı
370,Vip Çiğ Karışık Kuruyemiş Silindir Kutu 250 g,₺ 310.00,Malatya Pazarı Palancı
371,Vip Siirt Fıstık Silindir Kutu 250 g,₺ 315.00,Malatya Pazarı Palancı
372,Vip Badem İç Kavrulmuş Silindir Kutu 250 g,₺ 235.00,Malatya Pazarı Palancı
373,Vip Kabuklu Kaju Silindir Kutu 200 g,₺ 210.00,Malatya Pazarı Palancı
374,Vip Kavrulmuş Kaju Silindir Kutu 250 g,₺ 270.00,Malatya Pazarı Palancı
375,Mavi İstanbul Temalı Kutu Special 2000 G,"₺ 1,800.00",Malatya Pazarı Palancı
376,Bordo Dört Basamaklı Kuruyemiş Kutusu 800 g,₺ 910.00,Malatya Pazarı Palancı
377,Siyah Üç Çekmeceli Kutu Karışık Kurumeyve 1310 g,"₺ 1,100.00",Malatya Pazarı Palancı
378,Siyah Üç Çekmeceli Kutu Karışık Lokum-Nuga-Atom 1340 g,"₺ 1,100.00",Malatya Pazarı Palancı
379,Lacivert İki Çekmeceli Kutu Kuruyemiş - Special 730 g,₺ 830.00,Malatya Pazarı Palancı
380,Lazer Kesim Turkuaz Ahşap Kutu Special 550 g,₺ 750.00,Malatya Pazarı Palancı
381,Siyah Desenli Kare Kutu Special 430 g,₺ 695.00,Malatya Pazarı Palancı
382,Ahşap Premium Kutu 2000 g,"₺ 2,845.00",Malatya Pazarı Palancı
383,Çekmeceli Ahşap Kutu Karışık Lokum-Kurumeyve 1850 G,"₺ 1,100.00",Malatya Pazarı Palancı
384,Kırmızı Kadife Kutu Special 890 G,"₺ 1,160.00",Malatya Pazarı Palancı
385,Ortaköy Manzaralı Ahşap Kutu Karışık Hurma Dolması 1500 g,"₺ 1,800.00",Malatya Pazarı Palancı
386,Mavi Kadife Kutu Special 440 G,₺ 820.00,Malatya Pazarı Palancı
387,Kafes Kutu Karışık Hurma Dolması 900 g,₺ 780.00,Malatya Pazarı Palancı
388,Turuncu Kutu Special 1600 g,"₺ 1,115.00",Malatya Pazarı Palancı
389,Kafes Kutu Karışık Hurma Dolması 500 g,₺ 480.00,Malatya Pazarı Palancı
390,Turuncu Kutu Karışık Lokum 1600 g,₺ 750.00,Malatya Pazarı Palancı
391,Ahşap İki Çekmeceli Premium Kutu 4200 g,"₺ 3,950.00",Malatya Pazarı Palancı
392,Kadife Osmanlı Tuğralı Kutu Special,"₺ 2,150.00",Malatya Pazarı Palancı
393,Taşlı Kaftan Kutu Special 1200 G,"₺ 1,600.00",Malatya Pazarı Palancı
394,Ahşap Üç Çekmeceli Premium Kutu 5500 g,"₺ 5,500.00",Malatya Pazarı Palancı
395,Kadife Sandık Kutu (Karışık Kuruyemiş-Kurumeyve),"₺ 5,150.00",Malatya Pazarı Palancı
396,Kafes Kutu Karışık Kurumeyve 1000 G,₺ 765.00,Malatya Pazarı Palancı
397,Epimedyumlu Macun 270 Gr,₺ 620.00,Malatya Pazarı Palancı
398,Cezerye Zereç Üzüm Kaplamalı Atom 400 g,₺ 90.00,Malatya Pazarı Palancı
399,Cezerye Zereç Üzüm Kaplamalı Atom 250 g,₺ 55.00,Malatya Pazarı Palancı
400,Sütlü Çikolatalı Ceviz İçi 500 g,₺ 380.00,Malatya Pazarı Palancı
401,Sütlü Çikolatalı Ceviz İçi 250 g,₺ 195.00,Malatya Pazarı Palancı
402,Pişmaniye Damla Sakızlı 240 Gr,₺ 110.00,Malatya Pazarı Palancı
403,Köpük Pestili 500 g,₺ 410.00,Malatya Pazarı Palancı
404,Muska Pestili Fıstıklı 500 g,₺ 230.00,Malatya Pazarı Palancı
405,Üzüm Pestili 250 g,₺ 55.00,Malatya Pazarı Palancı
406,Muska Pestili Pekmezli 250 g,₺ 120.00,Malatya Pazarı Palancı
407,Kayısı Pestili 500 g,₺ 110.00,Malatya Pazarı Palancı
408,Pişmaniye Meyveli Çerezli 260 Gr,₺ 135.00,Malatya Pazarı Palancı
409,Pişmaniye Sade 250 Gr,₺ 110.00,Malatya Pazarı Palancı
410,Muska Pestili Fıstıklı 250 g,₺ 115.00,Malatya Pazarı Palancı
411,Pişmaniye Narlı 240 Gr,₺ 110.00,Malatya Pazarı Palancı
412,Muska Pestili Pekmezli 500 g,₺ 235.00,Malatya Pazarı Palancı
413,Pişmaniye Çikolatalı 200 Gr,₺ 110.00,Malatya Pazarı Palancı
414,Cezerye Pirinç Fındık Kaplamalı Atom 250 g,₺ 55.00,Malatya Pazarı Palancı
415,Üzüm Pestili 500 g,₺ 110.00,Malatya Pazarı Palancı
416,Cezerye Gül Yaprak Kaplamalı Atom 250 g,₺ 39.00,Malatya Pazarı Palancı
417,Dut Pestili Cevizli 250 g,₺ 100.00,Malatya Pazarı Palancı
418,Dut Pestili (Un Pestili) 250 g,₺ 80.00,Malatya Pazarı Palancı
419,Dut Pestili Ballı 250 g,₺ 130.00,Malatya Pazarı Palancı
420,Erik Pestili 500 g,₺ 110.00,Malatya Pazarı Palancı
421,Dut Pestili Cevizli 500 g,₺ 195.00,Malatya Pazarı Palancı
422,Cezerye Pirinç Fıstık Kaplamalı Atom 400 g,₺ 160.00,Malatya Pazarı Palancı
423,Cezerye Pirinç Fındık Kaplamalı Atom 400 g,₺ 90.00,Malatya Pazarı Palancı
424,Cezerye Gül Yaprak Kaplamalı Atom 400 g,₺ 60.00,Malatya Pazarı Palancı
425,Cezerye Pirinç Fıstık Kaplamalı Atom 250 g,₺ 100.00,Malatya Pazarı Palancı
426,Dut Pestili Ballı 500 g,₺ 255.00,Malatya Pazarı Palancı
427,Dut Pestili (Un Pestili) 500 g,₺ 155.00,Malatya Pazarı Palancı
428,Cezerye Ceviz Kaplamalı Atom 400 g,₺ 175.00,Malatya Pazarı Palancı
429,Mesir Macunu Küçük Kavanoz,₺ 110.00,Malatya Pazarı Palancı
430,Mesir Macunu Çubuk 5 Li Paket,₺ 59.00,Malatya Pazarı Palancı
431,Cezerye Fıstık Kaplamalı Atom 250 g,₺ 220.00,Malatya Pazarı Palancı
432,Keçiboynuzu Özü Soğuk Pres 350 Gr,₺ 110.00,Malatya Pazarı Palancı
433,Mesir Macunu Büyük Kavanoz,₺ 135.00,Malatya Pazarı Palancı
434,Keçiboynuzu Pekmezi 340 Gr,₺ 120.00,Malatya Pazarı Palancı
435,Nar Ekşisi 500 Gr,₺ 295.00,Malatya Pazarı Palancı
436,Cezerye Fıstık Kaplamalı Atom 400 g,₺ 360.00,Malatya Pazarı Palancı
437,Cezerye Ceviz Kaplamalı Atom 250 g,₺ 110.00,Malatya Pazarı Palancı
438,Keçiboynuzu Pekmezi 700 Gr,₺ 175.00,Malatya Pazarı Palancı
439,Cezerye Fıstık Kaplamalı Atom Tekli Kutu ( 50 Lik ),"₺ 1,350.00",Malatya Pazarı Palancı
440,Nar Ekşisi Sosu 340 Gr,₺ 110.00,Malatya Pazarı Palancı
441,Keçiboynuzu Özü Soğuk Pres 700 Gr,₺ 170.00,Malatya Pazarı Palancı
442,Akzer Süzme Kestane Balı 470 Gr,₺ 365.00,Malatya Pazarı Palancı
443,Süzme Çiçek Balı 850 Gr,₺ 570.00,Malatya Pazarı Palancı
444,Dut Pekmezi 340 Gr,₺ 125.00,Malatya Pazarı Palancı
445,Üzüm Pekmezi 340 Gr,₺ 130.00,Malatya Pazarı Palancı
446,Pikola Köme Sucuk 250 g,₺ 110.00,Malatya Pazarı Palancı
447,Süzme Çiçek Balı 470 Gr,₺ 285.00,Malatya Pazarı Palancı
448,Dut Pekmezi 700 Gr,₺ 190.00,Malatya Pazarı Palancı
449,Süzme Çiçek Balı 250 Gr,₺ 150.00,Malatya Pazarı Palancı
450,Pikola Köme Sucuk 500 g,₺ 215.00,Malatya Pazarı Palancı
451,Narlı Sucuk 500 g,₺ 200.00,Malatya Pazarı Palancı
452,Üzüm Pekmezi 700 Gr,₺ 200.00,Malatya Pazarı Palancı
453,Narlı Sucuk 250 g,₺ 100.00,Malatya Pazarı Palancı
454,Antep Fıstıklı Sucuk 250 g,₺ 245.00,Malatya Pazarı Palancı
455,Helva Fıstıklı Çikolatalı Çekme 160 Gr,₺ 120.00,Malatya Pazarı Palancı
456,Helva Sade Çekme 280 Gr,₺ 89.00,Malatya Pazarı Palancı
457,Bol Cevizli Adana Sucuk Kelebek 250 g,₺ 110.00,Malatya Pazarı Palancı
458,Bol Cevizli Adana Sucuk Kelebek 500 g,₺ 215.00,Malatya Pazarı Palancı
459,Cevizli Sucuk Köme 500 g,₺ 190.00,Malatya Pazarı Palancı
460,Beypazarı Cevizli Sucuk 250 g,₺ 100.00,Malatya Pazarı Palancı
461,Helva Sarma Teneke 300 Gr,₺ 570.00,Malatya Pazarı Palancı
462,Cevizli Sucuk Kelebek 500 g,₺ 215.00,Malatya Pazarı Palancı
463,Helva Fıstıklı Çekme 280 Gr,₺ 115.00,Malatya Pazarı Palancı
464,Cevizli Sucuk Köme 250 g,₺ 95.00,Malatya Pazarı Palancı
465,Beypazarı Cevizli Sucuk 500 g,₺ 200.00,Malatya Pazarı Palancı
466,Antep Fıstıklı Sucuk 500 g,₺ 490.00,Malatya Pazarı Palancı
467,Cevizli Sucuk Kelebek 250 g,₺ 110.00,Malatya Pazarı Palancı
468,Beyaz Çikolatalı Fıstık Krokan 250 g,₺ 455.00,Malatya Pazarı Palancı
469,Beyaz Çikolatalı Fıstık Krokan 500 g,₺ 900.00,Malatya Pazarı Palancı
470,Krokan Fıstıklı Sütlü Çikolatalı 500 g,₺ 840.00,Malatya Pazarı Palancı
471,Krokan Fıstıklı Sütlü Çikolatalı 250 g,₺ 420.00,Malatya Pazarı Palancı
472,Helva Çikolatalı Çekme 160 Gr,₺ 70.00,Malatya Pazarı Palancı
473,Kestane Şekeri Kavanoz 800 Gr,₺ 560.00,Malatya Pazarı Palancı
474,Kestane Şekeri 180 Gr,₺ 425.00,Malatya Pazarı Palancı
475,Kestane Şekeri Kavanoz 500 Gr,₺ 320.00,Malatya Pazarı Palancı
476,Anatolian Muska Bar 80 g,₺ 45.00,Malatya Pazarı Palancı
477,Karadut 120 Gr,₺ 65.00,Malatya Pazarı Palancı
478,Kuru İncir 220 Gr,₺ 145.00,Malatya Pazarı Palancı
479,Kuru Erik 170 Gr,₺ 85.00,Malatya Pazarı Palancı
480,Elma Kurusu 120 Gr,₺ 49.00,Malatya Pazarı Palancı
481,Cevizli Kelebek Sucuk 220 Gr,₺ 95.00,Malatya Pazarı Palancı
482,Şeftali Kurusu 120 Gr,₺ 65.00,Malatya Pazarı Palancı
483,Cezerye Fıstıklı Yaprak 250 g,₺ 120.00,Malatya Pazarı Palancı
484,Cezerye Fıstıklı Yaprak 500 g,₺ 230.00,Malatya Pazarı Palancı
485,Siyah Çekirdekli Üzüm 220 Gr,₺ 110.00,Malatya Pazarı Palancı
486,Dut Kurusu 120 Gr,₺ 55.00,Malatya Pazarı Palancı
487,Domates Kurusu 500 g,₺ 180.00,Malatya Pazarı Palancı
488,Domates Kurusu 250 g,₺ 95.00,Malatya Pazarı Palancı
489,Sivri Kabak Çekirdeği Tuzsuz Vip 500 g,₺ 170.00,Malatya Pazarı Palancı
490,Kabuklu Kaju Vip 500 g,₺ 375.00,Malatya Pazarı Palancı
491,Kabuklu Kaju Vip 250 g,₺ 190.00,Malatya Pazarı Palancı
492,Sivri Kabak Çekirdeği Tuzsuz Vip 250 g,₺ 85.00,Malatya Pazarı Palancı
493,Kavrulmuş İç Antep Vip 100 g,₺ 185.00,Malatya Pazarı Palancı
494,Vip Karışık Kuruyemiş Kavanoz 400 G,₺ 360.00,Malatya Pazarı Palancı
495,Lüks Karışık Kuruyemiş Teneke Kutu 650 g,₺ 420.00,Malatya Pazarı Palancı
496,Vip Brezilya Cevizi Silindir Kutu 250 g,₺ 520.00,Malatya Pazarı Palancı
497,Çifte Kavrulmuş Duble Lokum Vip 500 g,₺ 279.00,Malatya Pazarı Palancı
498,Çifte Kavrulmuş Duble Lokum Vip 250 g,₺ 145.00,Malatya Pazarı Palancı
499,Besni Üzüm Vip 500 g,₺ 290.00,Malatya Pazarı Palancı
500,Naturel Yaprak Kayısı Hudayi (Ekşi) Vip 250 g,₺ 135.00,Malatya Pazarı Palancı
501,Naturel Yaprak Kayısı Hudayi (Ekşi) Vip 500 g,₺ 260.00,Malatya Pazarı Palancı
502,Naturel Yaprak Kayısı Vip 250 g,₺ 135.00,Malatya Pazarı Palancı
503,Naturel Kayısı Vip 500 g,₺ 439.00,Malatya Pazarı Palancı
504,Kayısı Kuru Jumbo Vip 500 g,₺ 279.00,Malatya Pazarı Palancı
505,Naturel Kayısı Vip 250 g,₺ 220.00,Malatya Pazarı Palancı
506,Sarı Yaprak Kayısı Vip 500 g,₺ 240.00,Malatya Pazarı Palancı
507,Naturel Yaprak Kayısı Vip 500 g,₺ 260.00,Malatya Pazarı Palancı
508,Kayısı Kuru Jumbo Vip 250 g,₺ 140.00,Malatya Pazarı Palancı
509,Sarı Yaprak Kayısı Vip 250 g,₺ 120.00,Malatya Pazarı Palancı
510,Kırmızı Çekirdekli Erik Vip 500 g,₺ 240.00,Malatya Pazarı Palancı
511,Kırmızı Çekirdekli Erik Vip 250 g,₺ 120.00,Malatya Pazarı Palancı
512,Çekirdeksiz Erik Kurusu Vip 500 g,₺ 41.62,Malatya Pazarı Palancı
513,Çekirdeksiz Erik Kurusu Vip 250 g,₺ 20.81,Malatya Pazarı Palancı
514,Kırmızı Yaprak Erik Vip 500 g,₺ 229.00,Malatya Pazarı Palancı
515,Tuzlu Yer Fıstık Vip 500 G,₺ 160.00,Malatya Pazarı Palancı
516,Çiğ Yer Fıstık Vip 250 G,₺ 79.00,Malatya Pazarı Palancı
517,Çiğ Yer Fıstık Vip 500 G,₺ 155.00,Malatya Pazarı Palancı
518,Tuzsuz Yer Fıstık Vip 500 g,₺ 160.00,Malatya Pazarı Palancı
519,Tuzlu Yer Fıstık Vip 250 G,₺ 80.00,Malatya Pazarı Palancı
520,Tuzsuz Yer Fıstık Vip 250 g,₺ 80.00,Malatya Pazarı Palancı
521,Tuzlu Sarı Leblebi Vip 500 g,₺ 120.00,Malatya Pazarı Palancı
522,Sarı Leblebi Kavrulmuş Vip 500 g,₺ 120.00,Malatya Pazarı Palancı
523,Sarı Leblebi Kavrulmuş Vip 250 g,₺ 65.00,Malatya Pazarı Palancı
524,Tuzlu Sarı Leblebi Vip 250 g,₺ 65.00,Malatya Pazarı Palancı
525,Çifte Kavrulmuş Fındık VIP 250 G,₺ 210.00,Malatya Pazarı Palancı
526,Kavrulmuş Kaju Vip 250 g,₺ 210.00,Malatya Pazarı Palancı
527,Kavrulmuş Kaju Vip 500 g,₺ 415.00,Malatya Pazarı Palancı
528,Çiğ Kaju Vip 500 g,₺ 410.00,Malatya Pazarı Palancı
529,Çiğ Kaju Vip 250 g,₺ 210.00,Malatya Pazarı Palancı
530,Horoz Ceviz Vip 250 g,₺ 235.00,Malatya Pazarı Palancı
531,Beyaz Badem Vip 250 g,₺ 190.00,Malatya Pazarı Palancı
532,Ceviz İçi Yerli Vip 250 g,₺ 210.00,Malatya Pazarı Palancı
533,Kabuklu Ceviz Vip 500 G,₺ 170.00,Malatya Pazarı Palancı
534,Horoz Ceviz Vip 500 g,₺ 465.00,Malatya Pazarı Palancı
535,Badem İç Kavrulmuş Vip 500 g,₺ 355.00,Malatya Pazarı Palancı
536,Badem İç Kavrulmuş Vip 250 g,₺ 179.00,Malatya Pazarı Palancı
537,Badem İç Çiğ Vip 500 g,₺ 345.00,Malatya Pazarı Palancı
538,Badem İç Çiğ Vip 250 g,₺ 175.00,Malatya Pazarı Palancı
539,Beyaz Badem Vip 500 g,₺ 375.00,Malatya Pazarı Palancı
540,Siirt Fıstık Vip 250 g,₺ 255.00,Malatya Pazarı Palancı
541,Ay Çekirdek İç Vip 250 g,₺ 45.00,Malatya Pazarı Palancı
542,Ay Çekirdek İç Vip 500 g,₺ 85.00,Malatya Pazarı Palancı
543,Kavrulmuş İç Antep Vip 250 g,₺ 449.00,Malatya Pazarı Palancı
544,Antep Fıstık Vip 250 g,₺ 280.00,Malatya Pazarı Palancı
545,Antep Fıstık Vip 500 g,₺ 555.00,Malatya Pazarı Palancı
546,Çiğ İç Antep Vip 250 g,₺ 440.00,Malatya Pazarı Palancı
547,Kajun Baharatı Pet 600 G,₺ 230.00,Malatya Pazarı Palancı
548,SUSAM SARI PET 650 G,₺ 210.00,Malatya Pazarı Palancı
549,Yeşil Çay Pet 80 G,₺ 85.00,Malatya Pazarı Palancı
550,Yaseminli Yeşil Çay Pet 80 G,₺ 100.00,Malatya Pazarı Palancı
551,YASEMİN ÇİÇEĞİ PET 25 G,₺ 59.00,Malatya Pazarı Palancı
552,REZENE PET 145 G,₺ 75.00,Malatya Pazarı Palancı
553,PAPATYA ÇAYI PET 45 G,₺ 55.00,Malatya Pazarı Palancı
554,LİMON ÇAYI PET 150 G,₺ 65.00,Malatya Pazarı Palancı
555,MELİSA OTU PET 20 G,₺ 49.00,Malatya Pazarı Palancı
556,SİNAMEKİ PET 60 G,₺ 50.00,Malatya Pazarı Palancı
557,MATE ÇAYI PET 125 G,₺ 110.00,Malatya Pazarı Palancı
558,Kuşburnu Tane Pet 200 G,₺ 75.00,Malatya Pazarı Palancı
559,Hi̇bi̇sküs Pet 125 G,₺ 100.00,Malatya Pazarı Palancı
560,Adaçayı Pet 40 G,₺ 45.00,Malatya Pazarı Palancı
561,Kuru Pul Bi̇ber Pet 100 G,₺ 70.00,Malatya Pazarı Palancı
562,TARÇIN ÇUBUK PET 125 G,₺ 155.00,Malatya Pazarı Palancı
563,Hi̇ndi̇stan Cevi̇zi̇ Pet 60 G,₺ 50.00,Malatya Pazarı Palancı
564,Ihlamur Çi̇çek Pet 30 G,₺ 70.00,Malatya Pazarı Palancı
565,Enerji̇ Çayı Pet 125 G,₺ 95.00,Malatya Pazarı Palancı
566,Defne Yaprağı Pet 20 G,₺ 45.00,Malatya Pazarı Palancı
567,Zencefi̇l Toz Pet 150 G,₺ 85.00,Malatya Pazarı Palancı
568,Aşk Çayı Pet 150 G,₺ 110.00,Malatya Pazarı Palancı
569,Ihlamur Yaprak Pet 20 G,₺ 55.00,Malatya Pazarı Palancı
570,Ardıç Tohumu Pet 350 G,₺ 120.00,Malatya Pazarı Palancı
571,Zahter Pet 180 G,₺ 90.00,Malatya Pazarı Palancı
572,Fesleğen Pet 150 G,₺ 75.00,Malatya Pazarı Palancı
573,Tane Yeşil Biber Pet 300 G,₺ 535.00,Malatya Pazarı Palancı
574,Zerdeçal Toz Pet 160 G,₺ 65.00,Malatya Pazarı Palancı
575,Zencefi̇l Toz Pet 600 G,₺ 250.00,Malatya Pazarı Palancı
576,YENİBAHAR TOZ PET 475 G,₺ 335.00,Malatya Pazarı Palancı
577,URFA BİBERİ (İSOT) PET 450 G,₺ 200.00,Malatya Pazarı Palancı
578,TARÇIN TOZ PET 450 G,₺ 170.00,Malatya Pazarı Palancı
579,Zencefi̇l Tane Pet 150 G,₺ 100.00,Malatya Pazarı Palancı
580,İpek Pul Bi̇ber Pet 500 G,₺ 250.00,Malatya Pazarı Palancı
581,SUSAM BEYAZ PET 600 G,₺ 210.00,Malatya Pazarı Palancı
582,URFA BİBERİ (İSOT) PET 120 G,₺ 75.00,Malatya Pazarı Palancı
583,TARÇIN TOZ PET 120 G,₺ 65.00,Malatya Pazarı Palancı
584,Zerdeçal Toz Pet 700 G,₺ 170.00,Malatya Pazarı Palancı
585,NANE KURU PET 220 G,₺ 110.00,Malatya Pazarı Palancı
586,NANE KURU PET 45 G,₺ 49.00,Malatya Pazarı Palancı
587,KÖRİ PET 130 G,₺ 50.00,Malatya Pazarı Palancı
588,KİŞNİŞ TOZ PET 525 G,₺ 100.00,Malatya Pazarı Palancı
589,Ki̇myon Toz Pet 500 G,₺ 380.00,Malatya Pazarı Palancı
590,Karbonat Pet 300 G,₺ 60.00,Malatya Pazarı Palancı
591,KÖRİ PET 500 G,₺ 110.00,Malatya Pazarı Palancı
592,Ki̇myon Toz Pet 140 G,₺ 125.00,Malatya Pazarı Palancı
593,MAHLEP TOZ PET 600 G,₺ 310.00,Malatya Pazarı Palancı
594,Keki̇k Kuru Pet 25 G,₺ 39.00,Malatya Pazarı Palancı
595,KİŞNİŞ TOZ PET 130 G,₺ 49.00,Malatya Pazarı Palancı
596,Keten Tohumu Pet 650 G,₺ 110.00,Malatya Pazarı Palancı
597,SUMAK PET 500 G,₺ 170.00,Malatya Pazarı Palancı
598,KÖFTE BAHARI PET 120 G,₺ 60.00,Malatya Pazarı Palancı
599,SUMAK PET 110 G,₺ 60.00,Malatya Pazarı Palancı
600,TOZ KARANFİL PET 625 G,₺ 755.00,Malatya Pazarı Palancı
601,TANE KARANFİL PET 90 G,₺ 140.00,Malatya Pazarı Palancı
602,TOZ KAKULE PET 600 G,"₺ 1,000.00",Malatya Pazarı Palancı
603,Kajun Baharatı Pet 125 G,₺ 65.00,Malatya Pazarı Palancı
604,Mavi Haşhaş 550 Gr Pet,₺ 225.00,Malatya Pazarı Palancı
605,TATLI KIRMIZI TOZ BİBER PET 125 G,₺ 70.00,Malatya Pazarı Palancı
606,Karabiber Tane 500 Gr Pet,₺ 265.00,Malatya Pazarı Palancı
607,Çörek Otu Pet 600 G,₺ 175.00,Malatya Pazarı Palancı
608,Hindistan Cevizi 250 Gr Pet,₺ 110.00,Malatya Pazarı Palancı
609,Çörek Otu Pet 140 G,₺ 65.00,Malatya Pazarı Palancı
610,TANE KARANFİL PET 350 G,₺ 460.00,Malatya Pazarı Palancı
611,TOZ HARDAL PET 550 G,₺ 175.00,Malatya Pazarı Palancı
612,TANE KAKULE PET 400 G,₺ 670.00,Malatya Pazarı Palancı
613,TANE KARABİBER PET 140 G,₺ 95.00,Malatya Pazarı Palancı
614,Faji̇ta Pet 180 G,₺ 85.00,Malatya Pazarı Palancı
615,Acı Kırmızı Toz Bi̇ber Pet 120 G,₺ 75.00,Malatya Pazarı Palancı
616,TANE KIRMIZI BİBER PET 275 G,₺ 495.00,Malatya Pazarı Palancı
617,TANE BEYAZ BİBER PET 650 G,₺ 510.00,Malatya Pazarı Palancı
618,Anason Yıldız Pet 200 G,₺ 315.00,Malatya Pazarı Palancı
619,TOZ BEYAZ BİBER PET 750 G,₺ 450.00,Malatya Pazarı Palancı
620,Zerdeçal Toz 180 g Pet,₺ 25.00,Malatya Pazarı Palancı
621,Tarçın Toz 110 g Pet,₺ 35.00,Malatya Pazarı Palancı
622,Susam Beyaz 550 Gr Pet,₺ 85.00,Malatya Pazarı Palancı
623,Sumak 450 Gr Pet,₺ 55.00,Malatya Pazarı Palancı
624,Tarçın Çubuk 250 Gr Pet,₺ 285.00,Malatya Pazarı Palancı
625,Susam Beyaz 140 g Pet,₺ 70.00,Malatya Pazarı Palancı
626,Urfa Biberi (İsot) 140 gr Pet,₺ 25.00,Malatya Pazarı Palancı
627,Urfa Biberi (İsot) 500 Gr Pet,₺ 69.00,Malatya Pazarı Palancı
628,Tarçın Çubuk 50 gr Pet,₺ 80.00,Malatya Pazarı Palancı
629,Yenibahar Toz 120 Gr,₺ 110.00,Malatya Pazarı Palancı
630,Susam Sarı 550 Gr Pet,₺ 85.00,Malatya Pazarı Palancı
631,Tarçın Toz 500 Gr Pet,₺ 120.00,Malatya Pazarı Palancı
632,Limon Tuzu 200 g Pet,₺ 80.00,Malatya Pazarı Palancı
633,Kiraz Sapı 100 Gr,₺ 35.00,Malatya Pazarı Palancı
634,Mahlep Toz 150 g Pet,₺ 100.00,Malatya Pazarı Palancı
635,Rezene 100 Gr,₺ 25.00,Malatya Pazarı Palancı
636,Safran 1 Gr,₺ 230.00,Malatya Pazarı Palancı
637,Rezene 300 Gr Pet,₺ 120.00,Malatya Pazarı Palancı
638,Köri 450 Gr Pet,₺ 65.00,Malatya Pazarı Palancı
639,Köri 140 g Pet,₺ 25.00,Malatya Pazarı Palancı
640,Kajun Baharatı 150 gr Pet,₺ 39.00,Malatya Pazarı Palancı
641,Hindistan Cevizi Rende 60 g Pet,₺ 50.00,Malatya Pazarı Palancı
642,Karabiber Toz 150 gr Pet,₺ 100.00,Malatya Pazarı Palancı
643,Karabiber Toz 550 Gr Pet,₺ 280.00,Malatya Pazarı Palancı
644,Karanfil Tane 90 gr Pet,₺ 140.00,Malatya Pazarı Palancı
645,Mavi Haşhaş 100 Gr,₺ 55.00,Malatya Pazarı Palancı
646,Damla Sakızı 100 G,"₺ 2,700.00",Malatya Pazarı Palancı
647,Biberiye 50 g Pet,₺ 49.00,Malatya Pazarı Palancı
648,Toz Tatlı Biber 500 Gr Pet,₺ 210.00,Malatya Pazarı Palancı
649,Acı Toz Biber 550 Gr Pet,₺ 235.00,Malatya Pazarı Palancı
650,Kırmızı Toz Tatlı Biber 140 gr Pet,₺ 22.00,Malatya Pazarı Palancı
651,Yağlı Pul Biber 400 Gr Pet,₺ 190.00,Malatya Pazarı Palancı
652,Kuru Pul Biber 130 gr Pet,₺ 25.00,Malatya Pazarı Palancı
653,Sebze Kurusu 500 g,₺ 210.00,Malatya Pazarı Palancı
654,Keçiboynuzu 500 g,₺ 120.00,Malatya Pazarı Palancı
655,Nane Limon Çayı Pet 125 G,₺ 70.00,Malatya Pazarı Palancı
656,Kış Çayı Pet 125 G,₺ 85.00,Malatya Pazarı Palancı
657,Enerji̇ Çayı Pet 125 G,₺ 95.00,Malatya Pazarı Palancı
658,Aşk Çayı Pet 150 G,₺ 110.00,Malatya Pazarı Palancı
659,Vip Kış Seti,₺ 310.00,Malatya Pazarı Palancı
660,Kış Çayı 40 g,₺ 19.50,Malatya Pazarı Palancı
661,Kış Seti Kupalı,₺ 165.00,Malatya Pazarı Palancı
662,Kış Çayı Seti,₺ 265.00,Malatya Pazarı Palancı
663,Premium Ahşap Kış Seti,₺ 540.00,Malatya Pazarı Palancı
664,Osmanlı Kahvesi 200 Gr,₺ 110.00,Malatya Pazarı Palancı
665,Nar Aromalı İçecek Tozu 450 Gr,₺ 80.00,Malatya Pazarı Palancı
666,Elma Çayı 450 Gr,₺ 80.00,Malatya Pazarı Palancı
667,Elma Çayı 100 Gr,₺ 35.00,Malatya Pazarı Palancı
668,Ahşap Kutulu Kahve Seti,₺ 820.00,Malatya Pazarı Palancı
669,Nar Aromalı İçecek Tozu 100 Gr,₺ 35.00,Malatya Pazarı Palancı
670,Kahve Seti Karton Kutu,₺ 420.00,Malatya Pazarı Palancı
671,Kış Çayı 125 Gr,₺ 35.00,Malatya Pazarı Palancı
672,Sütlü Sahlep Aromalı İçecek Toz 400 Gr,₺ 115.00,Malatya Pazarı Palancı
